{
    "amount": 2,
    "angle": 180.0,
    "angle_randomness": 360.0,
    "angular_velocity": 0.0,
    "angular_velocity_randomness": 0.0,
    "firerate": 8.0,
    "firerate_randomness": 0.0,
    "lifetime": 0.800000011920929,
    "lifetime_randomness": 0.30000001192092896,
    "scale": 0.8799999952316284,
    "scale_ease": "ease_in_out",
    "scale_end": 0.0,
    "scale_randomness": 0.4000000059604645,
    "shot_angle": 0.0,
    "spread": 6.2831854820251465,
    "texture": "basic_particle.png",
    "tint": [
        255,
        255,
        255,
        255
    ],
    "tint_ease": "ease_out",
    "tint_end": [
        255,
        255,
        255,
        0
    ],
    "tint_randomness": 0.0,
    "velocity": 0.0,
    "velocity_angle": false,
    "velocity_ease": "ease_out",
    "velocity_end": 1.0,
    "velocity_randomness": 32.0
}