{
    "amount": 16,
    "angle": 0.0,
    "angle_randomness": 0.0,
    "angular_velocity": 0.0,
    "angular_velocity_randomness": 0.0,
    "firerate": 8.0,
    "firerate_randomness": 0.0,
    "lifetime": 0.800000011920929,
    "lifetime_randomness": 0.10000000149011612,
    "scale": 1.0,
    "scale_ease": "ease_in_out",
    "scale_end": 0.0,
    "scale_randomness": 0.4000000059604645,
    "shot_angle": 0.0,
    "spread": 360.0,
    "texture": "particle_test.png",
    "tint": [
        255,
        146,
        0,
        255
    ],
    "tint_ease": "ease_in_out",
    "tint_end": [
        94,
        14,
        14,
        255
    ],
    "tint_randomness": 0.0,
    "velocity": 0.0,
    "velocity_angle": true,
    "velocity_ease": "ease_out",
    "velocity_end": 0.0,
    "velocity_randomness": 8.0
}